{"cameraMode":{"drawMode":0,"name":"Shaded","section":"Shading Mode"},"sceneLighting":true,"audioPlay":false,"sceneViewState":{"m_AlwaysRefresh":false,"showFog":true,"showSkybox":true,"showFlares":true,"showImageEffects":true,"showParticleSystems":true,"showVisualEffectGraphs":true,"m_FxEnabled":true},"in2DMode":false,"pivot":{"x":0.0030501652508974077,"y":1.4143177270889283,"z":0.017340749502182008},"rotation":{"x":0.14582690596580506,"y":0.025718998163938524,"z":-0.0037923469208180906,"w":0.9889706969261169},"size":0.09414618462324143,"orthographic":false}